{"cameraMode":{"drawMode":0,"name":"Shaded","section":"Shading Mode"},"sceneLighting":true,"audioPlay":false,"sceneViewState":{"m_AlwaysRefresh":false,"showFog":true,"showSkybox":true,"showFlares":true,"showImageEffects":true,"showParticleSystems":true,"showVisualEffectGraphs":true,"m_FxEnabled":true},"in2DMode":false,"pivot":{"x":0.5661005973815918,"y":-7.163290977478027,"z":-17.834999084472658},"rotation":{"x":0.013208186253905297,"y":0.9799506664276123,"z":-0.1862388700246811,"w":0.06949838250875473},"size":24.497251510620118,"orthographic":false}